slug	title	difficulty	tags
0dte-option	0DTE Option	Medium	Finance
10-die-sum	10 Die Sum	Medium	Probability
100-lights	100 Lights	Medium	Brainteasers
128-showoff	12-8 Showoff		
18-sides	18 Sides	Easy	Brainteasers
2-below-i	2 Below I	Medium	Probability
2d-paths-i	2D Paths I		
2d-paths-iii	2D Paths III	Medium	Probability
3-heads-3-tails-i	3 Heads 3 Tails I		
3-heads-3-tails-ii	3 Heads 3 Tails II		
4-before-2	4 Before 2	Easy	Probability
4-die-sum	4 Die Sum	Easy	Probability
60-heads	60 Heads	Easy	Probability
6040-split	60-40 Split	Easy	Probability
77-multiple-i	77 Multiple I	Easy	Brainteasers
9-for-1	9 For 1		
9-sum-ii	9 Sum II	Medium	Probability
abc-sum	ABC Sum	Medium	Brainteasers
absolute-difference	Absolute Difference	Easy	Probability
adult-concert	Adult Concert	Medium	Brainteasers
alternating-sum	Alternating Sum	Easy	Brainteasers
american-call-arbitrage	American Call Arbitrage	Easy	Finance
ancient-births	Ancient Births	Medium	Brainteasers
ant-in-a-hurry	Ant in a Hurry	Medium	Brainteasers
ants-on-a-triangle	Ants on a Triangle	Easy	Probability
arbitrage-detective-ii	Arbitrage Detective II	Easy	Finance
baby-boy	Baby Boy		
bakugan-and-beyblade	Bakugan and Beyblade		
balanced-beans-ii	Balanced Beans II	Hard	Brainteasers
balanced-beans-iv	Balanced Beans IV	Hard	Brainteasers
basic-dice-game-i	Basic Dice Game I	Easy	Probability
basic-die-game-vi	Basic Die Game VI	Medium	Probability
basic-gamma	Basic Gamma	Easy	Finance
basketball-practice-ii	Basketball Practice II	Medium	Probability
bear-and-bull-market	Bear and Bull Market	Easy	Brainteasers
beer-barrel-i	Beer Barrel I	Medium	Brainteasers
beta-difference	Beta Difference	Easy	Probability
better-in-red-i	Better in Red I		
better-in-red-iii	Better in Red III		
better-in-red-v	Better in Red V	Medium	Probability
big-smalls	Big Smalls	Medium	Probability
binary-dot	Binary Dot		
birthday-twins-ii	Birthday Twins II		
bivariate-covariance	Bivariate Covariance	Medium	Probability
black-or-yellow	Black or Yellow	Easy	Brainteasers
bond-practice-i	Bond Practice I	Easy	Finance
bowl-of-cherries-i	Bowl of Cherries I	Medium	Probability
bread-slicer-i	Bread Slicer I		
bridge-crossing	Bridge Crossing	Easy	Brainteasers
brownian-bridge	Brownian Bridge	Medium	Probability
butterfly-payoff	Butterfly Payoff	Easy	Finance
car-crashes	Car Crashes		
car-line	Car Line	Medium	Brainteasers
car-question-i	Car Question	Hard	Probability
careful-side-choice	Careful Side Choice	Medium	Probability
cat-dog-line	Cat Dog Line	Medium	Brainteasers
cats-and-dogs	Cats and Dogs I		
cheese-lover-ii	Cheese Lover II	Easy	Probability
chess-tournament-i	Chess Tournament I	Medium	Probability
chess-tournament-iii	Chess Tournament III	Medium	Probability
choose-your-profit	Choose Your Profit		
circular-charlie	Circular Charlie	Easy	Probability
circular-hop	Circular Hop	Medium	Probability
circular-slice-ii	Circular Slice II		
close-dice-i	Close Dice I	Medium	Probability
close-dice-ii	Close Dice II	Hard	Probability
coefficient-sum	Coefficient Sum	Easy	Brainteasers
coefficient-swap	Coefficient Swap	Medium	Statistics
coin-on-chess-board	Coin on Chess Board	Easy	Probability
coin-toss-game-i	Coin Toss Game I	Easy	Probability
collecting-toys-i	Collecting Toys I	Medium	Probability
collecting-toys-ii	Collecting Toys II	Hard	Probability
colorful-cube	Colorful Cube		
colorful-line	Colorful Line	Easy	Probability
colorful-socks-i	Colorful Socks I	Easy	Probability
coloring-components-iii	Coloring Components III	Hard	Probability
colosseum-fight	Colosseum Fight I	Hard	Probability
combinatorial-electrician	Combinatorial Electrician	Medium	Probability
company-purchase	Company Purchase I	Easy	Finance
comparing-flips-ii	Comparing Flips II	Medium	Probability
compound-game	Compound Game	Easy	Probability
compound-interest-i	Compound Interest I	Easy	Brainteasers
conditional-expectation-i	Conditional Expectation I		
cone-combo	Cone Combo		
confident-double-heads	Confident Double Heads		
confused-ant-ii	Confused Ant II	Medium	Probability
consecutive-children	Consecutive Children	Hard	Brainteasers
consecutive-pairs	Consecutive Pairs	Hard	Probability
consecutive-tails	Consecutive Tails	Medium	Probability
correlation-ranges	Correlation Ranges		
counting-nash-equillibria	Counting Nash Equillibria	Hard	Probability
counting-odds	Counting Odds	Medium	Brainteasers
couple-handshakes	Couple Handshakes	Easy	Brainteasers
couples-reunited	Couples Reunited	Easy	Probability
crazy-covariance	Crazy Covariance	Medium	Statistics
cube-pack	Cube Pack	Easy	Probability
cylindrical-cone	Cylindrical Cone	Easy	Probability
cylindrical-intersection	Cylindrical Intersection	Medium	Pure Math
dangerous-doubles	Dangerous Doubles		
defining-regression	Defining Regression	Easy	Statistics
deviation-probability	Deviation Probability	Easy	Probability
diagonal-eigenvalue	Diagonal Eigenvalue	Medium	Pure Math
dice-game	1 or Bust	Medium	Probability
dice-order-i	Dice Order I	Medium	Probability
dicecoin-paradigm	Dice-Coin Paradigm	Medium	Probability
differ-by-2	Differ By 2	Medium	Probability
digit-multiplication-i	Digit Multiplication I		
digit-sum	Digit Sum	Medium	Brainteasers
dollar-cent-switch	Dollar Cent Switch	Medium	Brainteasers
dominated-turtle	Dominated Turtle	Hard	Probability
double-data-trouble-i	Double Data Trouble I	Easy	Statistics
double-data-trouble-ii	Double Data Trouble II	Easy	Statistics
doubling-bacterium	Doubling Bacterium	Easy	Brainteasers
egg-drop-ii	Egg Drop II	Hard	Brainteasers
egg-drop	Egg Drop I		
eight-dice	Eight Dice	Medium	Brainteasers
equal-unequal-game	Equal Unequal Game		
error-and-residual	Error and Residual	Easy	Statistics
even-before-odd	Odd Before Even	Easy	Probability
even-doubles	Even Doubles	Easy	Probability
exact-5-ii	Exact 5 II	Medium	Probability
exercise-gamma	Exercise Gamma	Easy	Finance
expected-chord-length	Expected Chord Length	Hard	Probability
exponential-maximum-asymptotic	Exponential Maximum Asymptotic	Medium	Probability
fancy-factorial	Fancy Factorial	Easy	Brainteasers
fibonacci-limit-ii	Fibonacci Limit II	Medium	Probability
first-ace	First Ace		
first-flip	First Flip		
fixed-point-limit-i	Fixed Point Limit I	Easy	Probability
fleeing-flea	Fleeing Flea	Medium	Brainteasers
flip-again	Flip Again	Medium	Probability
forming-a-triangle	Forming a Triangle	Hard	Probability
free-sundae	Free Sundae	Hard	Probability
full-solutions	Full Solutions	Easy	Pure Math
game-arbitrage	Game Arbitrage I	Hard	Finance
gamma-review-iii	Gamma Review III	Easy	Probability
generational-wealth-ii	Generational Wealth II		
geometrical-progression	Geometrical Progression	Hard	Brainteasers
german-tanks	German Tanks		
goat-search	Goat Search		
good-grid-i	Good Grid I	Easy	Probability
graph-search-ii	Graph Search II	Medium	Probability
graph-search	Graph Search I	Medium	Probability
greedy-bob	Greedy Bob	Medium	Statistics
half-cycle	Half Cycle	Hard	Probability
hand-meet	Hand Meet	Easy	Brainteasers
heads-and-tails-i	Heads and Tails I	Medium	Probability
heaven-37	Heaven 37	Hard	Brainteasers
high-or-die	High or Die	Easy	Probability
high-roller	High Roller		
highlow-guess	High-Low Guess	Easy	Brainteasers
hit-or-miss	Hit Or Miss	Medium	Probability
hitting-mgf	Hitting MGF	Medium	Pure Math
horse-arbitrage	Horse Arbitrage	Easy	Finance
horse-racing	Horse Racing		
hours-of-labor	Hours of Labor	Medium	Probability
illegible-dice	Illegible Dice	Easy	Brainteasers
intersecting-chords	Intersecting Chords	Medium	Probability
keg-of-wine	Keg of Wine	Easy	Brainteasers
king-activity	King Activity	Medium	Probability
largest-ball	Largest Ball	Medium	Probability
last-lightbulb	Last Lightbulb	Medium	Probability
leap-frog	Leap Frog	Medium	Probability
least-multiple-of-15	Least Multiple of 15	Easy	Brainteasers
light-switch	Light Switch	Easy	Probability
limiting-values-i	Limiting Values I	Easy	Probability
local-maxima	Local Maxima	Medium	Probability
longest-rope-ii	Longest Rope II	Medium	Probability
lucky-genie	Lucky Genie		
magic-doors	Magic Doors	Easy	Probability
make-your-martingale-iii	Make Your Martingale III	Medium	Pure Math
make-your-martingale-iv	Make Your Martingale IV	Easy	Pure Math
managerial-oversight	Thank You, Quant!	Medium	Probability
marble-mischief	Marble Mischief	Medium	Probability
marble-runs	Marble Runs	Hard	Probability
matching-die-pair	Matching Die Pair	Easy	Probability
matching-die-trio	Matching Die Trio	Medium	Probability
matrix-editor	Matrix Editor	Medium	Probability
mcqueen-speeding	McQueen Speeding	Easy	Brainteasers
mean-babysitter	Mean Babysitter	Medium	Probability
mean-cards-i	Mean Cards		
median-roll	Median Roll	Easy	Probability
minimal-variance	Minimal Variance	Easy	Probability
minimax-box	Minimax Box	Hard	Probability
miscalculated-fibonacci	Miscalculated Fibonacci	Medium	Brainteasers
mixing-glasses	Mixing Glasses		
modified-deck-pair	Modified Deck Pair	Easy	Probability
modified-even-coins	Modified Even Coins		
multinomial-expansion	Multinomial Expansion	Medium	Probability
multinomial-sum	Multinomial Sum	Medium	Probability
multiple-divisors-i	Multiple Divisors I	Easy	Probability
nearest-circular-neighbor	Nearest Circular Neighbor	Medium	Probability
needy-friends	Needy Friends		
negative-correlated-sum	Negative Correlated Sum	Easy	Probability
new-question	Perfect Square	Hard	Probability
no-adjacent-evens	No Adjacent Evens	Medium	Probability
no-heads	No Heads		
nonconsecutive-sequence	Non-Consecutive Sequence	Hard	Probability
nonzero-eigenvalue	Non-Zero Eigenvalue	Hard	Pure Math
number-50	Number 50	Medium	Brainteasers
number-concatenate	Number Concatenate	Medium	Brainteasers
odd-coin-flips	Odd Coin Flips	Medium	Probability
ols-review-i	OLS Review I	Easy	Statistics
optimal-bidders-ii	Optimal Bidders II		
optimal-marbles-i	Optimal Marbles I	Hard	Probability
optimal-marbles-ii	Optimal Marbles II	Hard	Probability
optimizing-aces	Optimizing Aces		
options-gamma	Options Gamma	Easy	Finance
orthogonal-cosine	Orthogonal Cosine	Easy	Pure Math
overlapping-data	Overlapping Data	Medium	Statistics
overlapping-segments	Overlapping Segments	Medium	Probability
overlapping-subsets	Overlapping Subsets	Medium	Probability
paired-pumpkins-ii	Paired Pumpkins II	Medium	Brainteasers
paired-values-i	Paired Values I	Medium	Probability
particle-reach-i	Particle Reach I	Medium	Probability
pass-the-ball	Pass the Ball	Medium	Probability
peeled-dice	Peeled Dice		
perfect-seating-i	Perfect Seating I	Easy	Probability
petersburg-paradox	St. Petersburg Paradox	Easy	Probability
pick-your-opponent	Pick Your Opponent	Easy	Brainteasers
pick-your-urn-wisely	Pick Your Urn Wisely		
picking-candy	Picking Candy	Easy	Probability
picture-day	Picture Day	Medium	Brainteasers
place-or-take	Place or Take	Hard	Probability
points-on-a-circle-iii	Points on a Circle III		
poisson-review-i	Poisson Review I		
poisson-review-ii	Poisson Review II	Easy	Probability
poisson-review-iv	Poisson Review IV	Easy	Probability
poisson-review-v	Poisson Review V	Easy	Probability
poker-hands-i	Poker Hands I	Easy	Probability
poor-odds	Poor Odds	Easy	Probability
positive-brownian-ii	Positive Brownian II	Hard	Pure Math
power-grid	Power Grid	Medium	Probability
power-to-the-matrix	Power to the Matrix	Medium	Pure Math
prime-janitors	Prime Janitors	Hard	Brainteasers
prime-pair	Prime Pair	Easy	Probability
prime-subset	Prime Subset	Hard	Brainteasers
prime-sum	Prime Sum	Easy	Probability
private-documents	Private Documents	Medium	Brainteasers
probability-of-unfair-coin-i	Probability of Unfair Coin I	Easy	Probability
put-fly-i	Put Fly I	Medium	Finance
put-option-price-estimate	Put Option Price Estimate	Hard	Finance
putcall-parity-i	Put-Call Parity I	Medium	Finance
questionable-values	Questionable Values	Easy	Brainteasers
rainbow-selection	Rainbow Selection	Medium	Probability
ramen-bowl	Ramen Bowl	Hard	Probability
random-angle-ii	Random Angle II	Easy	Probability
random-scale	Random Scale	Easy	Probability
random-subsets	Random Subsets	Hard	Probability
reciprocal-sde	Reciprocal SDE	Medium	Pure Math
red-blue-equality	Red Blue Equality	Easy	Probability
red-card-deal	Red Card Deal	Medium	Probability
red-tower	Red Tower	Easy	Probability
remainders	Remainders		
repetitious-game-ii	Repetitious Game II	Medium	Probability
replacement-orbs	Replacement Orbs	Easy	Probability
resell-painting	Resell Painting	Easy	Probability
restack-rings	Restack Rings	Medium	Brainteasers
returning-books	Returning Books		
river-length	River Length	Easy	Brainteasers
rng-on-rng	RNG on RNG	Hard	Probability
rolls-in-a-row	Rolls in a Row	Easy	Probability
row-your-boat	Row Your Boat		
rubiks-cube-stickers	Rubik's Cube Stickers		
russian-roulette-i	Russian Roulette I	Medium	Probability
safe-cracking	Safe Cracking		
seating-drama	Seating Drama		
secrets	Secrets	Medium	Probability
segment-traversal	Segment Traversal	Hard	Probability
sharpe-marbles	Sharpe Marbles	Medium	Statistics
shattering-orbs	Shattering Orbs	Hard	Probability
sheep-sharing	Sheep Sharing	Easy	Brainteasers
short-wood	Short Wood	Hard	Probability
side-add	Side Add		
silly-sde	Silly SDE	Hard	Pure Math
simple-delta-hedge-i	Simple Delta Hedge I	Easy	Finance
simulation-scheme-i	Simulation Scheme		
six-card-sum	Six Card Sum	Medium	Probability
skater-boy	Skater Boy	Medium	Probability
slippery-ladder-ii	Slippery Ladder II	Medium	Pure Math
snowman-surface	Snowman Surface	Easy	Probability
soccer-practice	Soccer Practice	Hard	Probability
socks-and-shelves	Socks and Shelves	Easy	Probability
spacious-uniform-values-i	Spacious Uniform Values I	Hard	Probability
specific-card-pull-ii	Specific Card Pull II	Medium	Probability
specific-partition	Specific Partition	Hard	Probability
spherical-coodinates	Spherical Coodinates		
stack-double	Stack Double	Hard	Brainteasers
standing-table	Standing Table	Hard	Probability
statistical-test-review-iv	Statistical Test Review IV	Easy	Statistics
stone-ripple	Stone Ripple	Easy	Pure Math
straddle-arbitrage	Straddle Arbitrage I	Medium	Finance
straddle-gamma	Straddle Gamma	Easy	Finance
straddle-output	Straddle Output	Medium	Finance
straddle-price	Straddle Price	Medium	Finance
student-appointment	Student Appointment	Easy	Probability
sum-and-difference	Sum and Difference	Medium	Probability
sum-exceedance-i	Sum Exceedance I	Hard	Probability
sum-exceedance-ii	Sum Exceedance II	Hard	Probability
sum-leak-i	Sum Leak I	Easy	Probability
swift-betting	Swift Betting		
take-and-roll-i	Take and Roll I	Medium	Probability
ten-ten	Ten Ten		
tennis-deuces-ii	Tennis Deuces II	Easy	Probability
terminating-sum	Terminating Sum	Hard	Brainteasers
the-last-airbender	The Last Airbender		
the-perfect-hedge-i-	The Perfect Hedge I	Medium	Finance
the-picking-hat	The Picking Hat		
the-price-of-a-garden	The Price of a Garden	Easy	Brainteasers
the-sum-is-right	The Sum Is Right	Hard	Probability
theater-seating	Theater Seating	Easy	Brainteasers
thick-coin	Thick Coin	Hard	Probability
trinomial-call-pricing-i	Trinomial Call Pricing I	Easy	Finance
unfair-roulette	Unfair Roulette		
unfriendly	Unfriendly	Easy	Probability
uniform-equilibrium-i	Uniform Equilibrium I	Easy	Probability
uniform-product	Uniform Product I	Easy	Probability
unlucky-seven-i	Unlucky Seven I	Medium	Probability
valuable-hearts	Valuable Hearts	Easy	Probability
voter-mayhem-ii	Voter Mayhem II	Hard	Probability
windless-mile	Windless Mile	Easy	Brainteasers
writing-to-recruiters	Writing to Recruiters	Easy	Probability
you-got-mail	You Got Mail	Easy	Probability
